order_id,shelf,priority,due_minutes,units
ORD-1041,B2,urgent,16,4
ORD-1042,C3,standard,21,2
ORD-1043,D4,standard,31,2
ORD-1044,D4,standard,23,4
ORD-1045,C1,standard,19,3
ORD-1046,A4,urgent,24,2
ORD-1047,B4,standard,18,2
ORD-1048,B3,standard,26,2
ORD-1049,D4,standard,20,3
ORD-1050,C1,standard,11,3
ORD-1051,D1,urgent,20,4
ORD-1052,C4,standard,33,3
ORD-1053,C1,standard,23,1
ORD-1054,C2,standard,31,2
ORD-1055,D4,standard,17,2
ORD-1056,B3,urgent,29,2
ORD-1057,D2,standard,32,4
ORD-1058,A4,standard,19,3
ORD-1059,C3,standard,34,4
ORD-1060,A3,standard,31,2
ORD-1061,D4,urgent,17,4
ORD-1062,A3,standard,21,1
ORD-1063,C4,standard,19,4
ORD-1064,A1,standard,16,1
ORD-1065,D4,standard,27,4
ORD-1066,B2,urgent,27,4
ORD-1067,B1,standard,22,4
ORD-1068,C4,standard,16,3
ORD-1069,C3,standard,23,2
ORD-1070,D2,standard,33,1
ORD-1071,D2,urgent,17,2
ORD-1072,D2,standard,11,4
ORD-1073,A4,standard,11,3
ORD-1074,D2,standard,28,4
ORD-1075,D4,standard,28,2
ORD-1076,B4,urgent,18,2
ORD-1077,C4,standard,23,4
ORD-1078,A2,standard,14,3
ORD-1079,B2,standard,33,2
ORD-1080,B3,standard,22,1
ORD-1081,B2,urgent,20,2
ORD-1082,C2,standard,15,3
ORD-1083,A3,standard,26,3
ORD-1084,A3,standard,22,3
ORD-1085,B2,standard,27,4
ORD-1086,D2,urgent,33,1
ORD-1087,C1,standard,29,1
ORD-1088,C1,standard,27,3
